id,first_name,last_name,email,company,country
1,Alfons,Pechan,apechan0@yale.edu,Oyoloo,Indonesia
2,Gertrudis,Wrathmell,gwrathmell1@slashdot.org,Zoombeat,Indonesia
3,Lenna,Umfrey,lumfrey2@unesco.org,Voonder,China
4,Raimondo,De Bernardis,rdebernardis3@gizmodo.com,Agimba,Guatemala
5,Rhody,Sketh,rsketh4@spotify.com,Leenti,Philippines
6,Lark,Cumber,lcumber5@pbs.org,Thoughtstorm,China
7,Flossi,Craisford,fcraisford6@wordpress.org,Trudeo,Brazil
8,Perkin,Indruch,pindruch7@smh.com.au,Realfire,Brazil
9,Nealon,Attwooll,nattwooll8@noaa.gov,Jabbertype,Guatemala
10,Rhea,Dibb,rdibb9@ftc.gov,Oyondu,China
11,Rossy,Morewood,rmorewooda@youtu.be,JumpXS,China
12,Gerhardt,Lemmers,glemmersb@soup.io,Fliptune,Peru
13,Ricard,Beebis,rbeebisc@eventbrite.com,Babbleblab,South Korea
14,Normie,Frisdick,nfrisdickd@cbc.ca,Zoozzy,France
15,Neddy,Ricketts,nrickettse@elegantthemes.com,Quinu,Sweden
16,Waldo,Swallwell,wswallwellf@cbslocal.com,Photospace,United States
17,Ephrem,Demonge,edemongeg@imageshack.us,Oodoo,Jordan
18,Eal,Minall,eminallh@i2i.jp,Feedfish,Russia
19,Janot,Winney,jwinneyi@spiegel.de,Brainverse,Poland
20,Virginie,Newband,vnewbandj@example.com,Devcast,Uganda
21,Gelya,Dowears,gdowearsk@ehow.com,Pixonyx,Brazil
22,Jon,Cridge,jcridgel@paginegialle.it,Meevee,Russia
23,Dixie,Crosskill,dcrosskillm@bbb.org,Snaptags,Malaysia
24,Annecorinne,Petrolli,apetrollin@goodreads.com,Twitterbeat,Peru
25,Enriqueta,Roze,erozeo@redcross.org,Zoonder,Japan
26,Robby,Wixey,rwixeyp@cloudflare.com,Oodoo,Chile
27,Frederik,Hamnet,fhamnetq@apache.org,Livefish,China
28,Merry,Blague,mblaguer@intel.com,Babblestorm,Peru
29,Thadeus,Lehrer,tlehrers@hatena.ne.jp,Demivee,Portugal
30,Fowler,Vasyaev,fvasyaevt@fastcompany.com,Voolia,Lithuania
31,Laina,Bartoleyn,lbartoleynu@intel.com,Muxo,Indonesia
32,Roi,Munton,rmuntonv@ed.gov,Ainyx,China
33,Blithe,McKinley,bmckinleyw@sina.com.cn,Skipstorm,China
34,Jammie,Roselli,jrosellix@mayoclinic.com,Brainsphere,France
35,Jania,Klugel,jklugely@tmall.com,Yambee,Colombia
36,De,Pridden,dpriddenz@bing.com,Innotype,Greece
37,Garvy,Scuffham,gscuffham10@bravesites.com,Topicshots,Mexico
38,Thedrick,Waylen,twaylen11@mapquest.com,Thoughtbridge,Brazil
39,Jermaine,Benit,jbenit12@artisteer.com,Zoombox,South Korea
40,Janessa,Johanning,jjohanning13@mtv.com,Chatterbridge,Vietnam
41,Shanan,Vasilic,svasilic14@hexun.com,Voonder,French Guiana
42,Killie,Zuann,kzuann15@huffingtonpost.com,Mybuzz,Luxembourg
43,Joannes,Shieber,jshieber16@tamu.edu,Miboo,France
44,Orella,Ormrod,oormrod17@va.gov,Twinte,China
45,Leopold,Humphrys,lhumphrys18@gravatar.com,Zoomlounge,Indonesia
46,Eda,Lodo,elodo19@prlog.org,Skimia,Japan
47,Loreen,Thairs,lthairs1a@youtube.com,Pixope,South Africa
48,Robinetta,Ashforth,rashforth1b@icq.com,Eamia,Indonesia
49,Minnie,Browett,mbrowett1c@jugem.jp,Blogtags,France
50,Nevsa,Jewks,njewks1d@springer.com,Blogpad,Poland
51,Taylor,Thompsett,tthompsett1e@oracle.com,Feedfish,Afghanistan
52,Nappy,Mewrcik,nmewrcik1f@opensource.org,Zoomcast,Zimbabwe
53,Alexis,Shoulders,ashoulders1g@mapquest.com,Ooba,Uruguay
54,Beverie,Norkett,bnorkett1h@telegraph.co.uk,Devshare,China
55,Kyle,Maffey,kmaffey1i@tmall.com,Gigaclub,China
56,Brendan,Wrightson,bwrightson1j@toplist.cz,Camido,China
57,Amalia,Chubb,achubb1k@dagondesign.com,Youtags,Cameroon
58,Gerty,Janku,gjanku1l@paypal.com,Babblestorm,United States
59,Adria,Talmadge,atalmadge1m@icio.us,Oodoo,China
60,Beverly,Habbijam,bhabbijam1n@tumblr.com,Flashspan,Portugal
61,Evaleen,Farebrother,efarebrother1o@macromedia.com,Minyx,China
62,Thayne,Antyukhin,tantyukhin1p@buzzfeed.com,Twitterbridge,Ethiopia
63,Margery,Jenk,mjenk1q@gnu.org,Yodel,China
64,Marlane,Booley,mbooley1r@latimes.com,Dynabox,Uganda
65,Misha,Benez,mbenez1s@hatena.ne.jp,Kare,China
66,Arleta,Thelwll,athelwll1t@hp.com,Riffwire,Greece
67,Morley,Balham,mbalham1u@unblog.fr,Zoozzy,Palestinian Territory
68,Jdavie,Claessens,jclaessens1v@jalbum.net,Rhyzio,China
69,Tam,Cruickshank,tcruickshank1w@ustream.tv,Jabbersphere,Kazakhstan
70,Anton,Skelhorn,askelhorn1x@opera.com,Teklist,France
71,Jarib,Mulcaster,jmulcaster1y@gov.uk,Quinu,Poland
72,Elaina,Edgworth,eedgworth1z@linkedin.com,Devify,Cocos Islands
73,Pierette,Winn,pwinn20@cnet.com,Livepath,Democratic Republic of the Congo
74,Randell,Broune,rbroune21@mlb.com,Katz,Sweden
75,Tris,Chamberlayne,tchamberlayne22@posterous.com,Edgewire,Paraguay
76,Jayne,Enoch,jenoch23@prweb.com,Digitube,China
77,Mignon,Borel,mborel24@blogs.com,Browsecat,China
78,Norina,Skamal,nskamal25@sourceforge.net,Youbridge,Philippines
79,Arluene,Housin,ahousin26@vk.com,Roomm,Russia
80,Joceline,Scougall,jscougall27@toplist.cz,Photobug,Armenia
81,Royall,Armstrong,rarmstrong28@technorati.com,Eire,United Kingdom
82,Rodina,Adnett,radnett29@163.com,Edgeify,Slovenia
83,Dynah,Tremellan,dtremellan2a@discovery.com,Mymm,Indonesia
84,Rosemary,Akroyd,rakroyd2b@msu.edu,Voolith,China
85,Bettine,Goulston,bgoulston2c@epa.gov,Twitternation,Indonesia
86,Cherida,Duddan,cduddan2d@histats.com,Babblestorm,Iran
87,Viviene,Franscioni,vfranscioni2e@drupal.org,Browsebug,United States
88,Ware,Bahls,wbahls2f@topsy.com,Roomm,Indonesia
89,Eartha,Hambribe,ehambribe2g@uiuc.edu,Chatterbridge,Czech Republic
90,Delaney,Adamoli,dadamoli2h@mozilla.org,Bluezoom,Tajikistan
91,Kurtis,Demschke,kdemschke2i@tripod.com,Dynabox,Portugal
92,Gilbertine,Scougall,gscougall2j@oakley.com,Mydo,Egypt
93,Ignaz,Karpeev,ikarpeev2k@google.nl,Aibox,Indonesia
94,Gideon,Bellsham,gbellsham2l@spiegel.de,Photospace,Sweden
95,Farica,Joisce,fjoisce2m@archive.org,Meetz,Sierra Leone
96,Mersey,Vescovini,mvescovini2n@godaddy.com,Digitube,China
97,Kale,Mallinar,kmallinar2o@eepurl.com,Skinder,Ecuador
98,Ware,Kemwall,wkemwall2p@ning.com,Babbleopia,China
99,Red,Hoffman,rhoffman2q@cargocollective.com,Fadeo,Maldives
100,Arne,Giraudy,agiraudy2r@icq.com,Meeveo,Uganda
101,Lydia,Worcs,lworcs2s@youku.com,Photojam,Indonesia
102,Correna,Brayley,cbrayley2t@toplist.cz,Pixoboo,Pakistan
103,Vachel,Esposita,vesposita2u@cargocollective.com,Jaxnation,Indonesia
104,Mindy,Huffey,mhuffey2v@ucla.edu,Trudoo,Finland
105,Halie,Roberds,hroberds2w@pagesperso-orange.fr,Dabshots,Peru
106,Krishna,Burnup,kburnup2x@hatena.ne.jp,Oyope,Colombia
107,Dunstan,Banaszewski,dbanaszewski2y@cnbc.com,Trudoo,Czech Republic
108,Leigh,Ganforthe,lganforthe2z@goo.gl,Topiczoom,Philippines
109,Kaye,Ucceli,kucceli30@latimes.com,Pixonyx,Poland
110,Rodolphe,Leworthy,rleworthy31@t-online.de,Feedbug,Japan
111,Grete,Petras,gpetras32@paginegialle.it,Zoomzone,Venezuela
112,Elnora,Pllu,epllu33@nationalgeographic.com,Divape,Dominican Republic
113,Ruddy,Corstorphine,rcorstorphine34@fotki.com,Skiba,Ireland
114,Michaeline,Trodd,mtrodd35@biblegateway.com,Oyope,United States
115,Ollie,Lintin,olintin36@bigcartel.com,Linktype,Luxembourg
116,Ella,Becraft,ebecraft37@wunderground.com,Chatterpoint,Serbia
117,Victoir,Priddle,vpriddle38@economist.com,Dabjam,Bangladesh
118,Nolly,Pring,npring39@newyorker.com,Oyoba,Russia
119,Gail,Lampitt,glampitt3a@tripod.com,Topicware,Sweden
120,Christian,Cradduck,ccradduck3b@howstuffworks.com,Snaptags,Philippines
121,Maire,Eddleston,meddleston3c@purevolume.com,Topicstorm,Czech Republic
122,Lottie,McEnteggart,lmcenteggart3d@about.com,Mydeo,Yemen
123,Cassondra,Baldinotti,cbaldinotti3e@engadget.com,Brightbean,China
124,Reinwald,Plunket,rplunket3f@tripadvisor.com,Tagopia,Moldova
125,Jaquenetta,Herion,jherion3g@discovery.com,Jaxspan,Philippines
126,Scarlet,Edyson,sedyson3h@cyberchimps.com,Janyx,Philippines
127,Joellen,Milliken,jmilliken3i@toplist.cz,Gabtype,Portugal
128,Tarrance,Hunte,thunte3j@usnews.com,Wikibox,Poland
129,Penny,Tieman,ptieman3k@mayoclinic.com,Twimbo,Ecuador
130,Noam,Commings,ncommings3l@washington.edu,Wordware,Russia
131,Albrecht,Hambers,ahambers3m@networkadvertising.org,Jazzy,Tajikistan
132,Ferguson,Oret,foret3n@unc.edu,Browsezoom,China
133,Annette,Aikett,aaikett3o@loc.gov,Dablist,Brazil
134,Sarah,Gossan,sgossan3p@dyndns.org,Centizu,China
135,Valeda,Hovell,vhovell3q@com.com,Twitterworks,Philippines
136,Ashien,Band,aband3r@surveymonkey.com,Twimbo,Ukraine
137,Emmy,Cleugher,ecleugher3s@youku.com,Flashdog,France
138,Valera,Scourge,vscourge3t@mashable.com,Trunyx,China
139,Chelsey,Hobbema,chobbema3u@sina.com.cn,Gabvine,China
140,Angelita,Meyer,ameyer3v@timesonline.co.uk,Feednation,Russia
141,Wye,Duffie,wduffie3w@apache.org,Oyoloo,Brazil
142,Mindy,Wateridge,mwateridge3x@bloglovin.com,Feednation,Russia
143,Frank,Bodiam,fbodiam3y@foxnews.com,Voonix,Indonesia
144,Jennee,Liddell,jliddell3z@reddit.com,Linkbuzz,Georgia
145,Tracie,Hovell,thovell40@uiuc.edu,Jetwire,Indonesia
146,Frants,Puller,fpuller41@tripadvisor.com,Kwideo,Russia
147,Mel,Wife,mwife42@naver.com,Yakijo,Afghanistan
148,Gabi,Garmon,ggarmon43@edublogs.org,Fivechat,China
149,Etti,Gurney,egurney44@cornell.edu,Zoonoodle,France
150,Roderich,Hakey,rhakey45@sciencedaily.com,Vidoo,Poland
151,Odette,Camp,ocamp46@google.com.au,Mycat,Finland
152,Belva,Harbach,bharbach47@cornell.edu,Myworks,Morocco
153,Jerrilee,Hammerman,jhammerman48@jigsy.com,Voonder,China
154,Mareah,Grelak,mgrelak49@g.co,Cogidoo,Indonesia
155,Theodosia,Gascoine,tgascoine4a@abc.net.au,Zoonder,China
156,Doreen,Hoys,dhoys4b@nps.gov,Yakijo,France
157,Sigismond,Temlett,stemlett4c@51.la,Dynazzy,United States
158,Sandy,Burdin,sburdin4d@plala.or.jp,Meejo,Australia
159,Kristin,Gerard,kgerard4e@g.co,Voomm,Colombia
160,Kristoforo,Orred,korred4f@amazon.de,Bubblebox,Syria
161,Fran,Zorzutti,fzorzutti4g@ask.com,Thoughtblab,Indonesia
162,Germana,Finby,gfinby4h@behance.net,Rhycero,China
163,Abbe,Shead,ashead4i@timesonline.co.uk,Vimbo,Latvia
164,Benn,Bonsul,bbonsul4j@wikia.com,Demizz,Pakistan
165,Ranique,Layfield,rlayfield4k@tmall.com,Podcat,Indonesia
166,Claudianus,Kyttor,ckyttor4l@i2i.jp,Jazzy,Vietnam
167,Riane,Rosso,rrosso4m@booking.com,Wordify,Greece
168,Cecily,Cofax,ccofax4n@ucsd.edu,Kwideo,China
169,Ilka,Guille,iguille4o@photobucket.com,Twinte,France
170,Sashenka,Saltwell,ssaltwell4p@constantcontact.com,Twiyo,China
171,Tory,Cottu,tcottu4q@instagram.com,Ozu,Colombia
172,Pammie,Anthiftle,panthiftle4r@a8.net,Quatz,Czech Republic
173,Grace,Tillerton,gtillerton4s@stanford.edu,Voonte,Argentina
174,Georgie,Gamble,ggamble4t@surveymonkey.com,Pixoboo,Philippines
175,Adolf,Lerner,alerner4u@columbia.edu,Jetwire,Indonesia
176,Lavena,Ducarne,lducarne4v@businessinsider.com,Lazz,Philippines
177,Jerrome,Cornau,jcornau4w@businesswire.com,Zoomcast,Thailand
178,Noel,Leere,nleere4x@hc360.com,Edgeify,Nepal
179,Pen,Schrei,pschrei4y@zdnet.com,Geba,Moldova
180,Wyatan,Crady,wcrady4z@wordpress.com,Eidel,China
181,Crosby,Drable,cdrable50@angelfire.com,Riffpath,Indonesia
182,Idelle,Prandi,iprandi51@acquirethisname.com,Flashspan,Czech Republic
183,Jerrine,Simoneton,jsimoneton52@gov.uk,Flashset,Azerbaijan
184,Jarrid,Syder,jsyder53@cpanel.net,Devshare,Thailand
185,Erma,Harfleet,eharfleet54@phpbb.com,Dabshots,Burundi
186,Onfre,Durber,odurber55@alexa.com,Feedfish,Bangladesh
187,Lesley,Fowlston,lfowlston56@admin.ch,Skipstorm,China
188,Charlotta,Lynett,clynett57@usda.gov,Topiclounge,Indonesia
189,Lydon,Barlee,lbarlee58@skyrock.com,Vinte,Nigeria
190,Johanna,Causier,jcausier59@sciencedirect.com,Wordware,Greece
191,Nellie,Neill,nneill5a@guardian.co.uk,Tagtune,Armenia
192,Tootsie,Bendall,tbendall5b@ca.gov,Babbleopia,Sierra Leone
193,Albert,Poncet,aponcet5c@cnbc.com,Photobug,Colombia
194,Ruttger,Court,rcourt5d@squarespace.com,Voomm,Iran
195,Dunc,Wabersich,dwabersich5e@cocolog-nifty.com,Reallinks,Russia
196,Markus,Redmayne,mredmayne5f@sbwire.com,Jaxworks,China
197,Poul,Yemm,pyemm5g@ucla.edu,Youbridge,Sweden
198,Joly,Loveard,jloveard5h@dailymotion.com,Rhyzio,China
199,Enrichetta,Turbayne,eturbayne5i@wordpress.org,Edgeblab,France
200,Ermin,Yurin,eyurin5j@github.io,Jatri,China
201,Fields,Fronczak,ffronczak5k@prlog.org,Aibox,China
202,Rubetta,Kellard,rkellard5l@dailymail.co.uk,Rhynoodle,Serbia
203,Meghann,Maypes,mmaypes5m@shareasale.com,Youspan,Portugal
204,Essie,Jennison,ejennison5n@china.com.cn,Eazzy,Indonesia
205,Giovanna,Dacey,gdacey5o@dyndns.org,Edgetag,Indonesia
206,Jerry,Kruse,jkruse5p@howstuffworks.com,Livepath,China
207,Gaile,Schofield,gschofield5q@unicef.org,Cogidoo,Gambia
208,Harriot,McCarty,hmccarty5r@dmoz.org,Voomm,Poland
209,Florian,Gynni,fgynni5s@twitter.com,Kazio,Ecuador
210,Howard,Shapcott,hshapcott5t@china.com.cn,Shuffledrive,Honduras
211,Esdras,Laslett,elaslett5u@edublogs.org,Buzzbean,Russia
212,Clevie,Pickton,cpickton5v@feedburner.com,Shufflebeat,Iran
213,Nicholas,Gryglewski,ngryglewski5w@dailymotion.com,Jaxspan,Lithuania
214,Lind,Euplate,leuplate5x@nasa.gov,Topiclounge,Philippines
215,Abbie,Swepson,aswepson5y@51.la,Fanoodle,Greece
216,Gordan,De Fries,gdefries5z@ameblo.jp,Photolist,Indonesia
217,Ainslee,Culpan,aculpan60@ebay.com,Tanoodle,Colombia
218,Elissa,Lancashire,elancashire61@de.vu,Devpulse,Peru
219,Sayer,Yerill,syerill62@rediff.com,Flashspan,Venezuela
220,Christean,Jobbins,cjobbins63@unicef.org,Youspan,Botswana
221,Yoshi,Iorillo,yiorillo64@yale.edu,Jabbertype,Dominican Republic
222,Emmalynn,Whether,ewhether65@ycombinator.com,Edgeblab,Argentina
223,Jewelle,Dunnion,jdunnion66@elegantthemes.com,Gevee,Poland
224,Devinne,Lathy,dlathy67@nyu.edu,Divanoodle,Poland
225,Myrtice,Rubel,mrubel68@bbb.org,Reallinks,Panama
226,Marguerite,Sewill,msewill69@senate.gov,Feedmix,Indonesia
227,Biddy,Freeberne,bfreeberne6a@pbs.org,Zoombox,Malaysia
228,Joshia,Georgelin,jgeorgelin6b@godaddy.com,Photofeed,Indonesia
229,Birgit,Dannett,bdannett6c@prweb.com,Gabtype,China
230,Bevvy,Scapens,bscapens6d@amazon.com,Tagpad,Philippines
231,Neila,Juara,njuara6e@wikia.com,Realpoint,Indonesia
232,Cristin,Ettery,cettery6f@who.int,Wordtune,Pakistan
233,Julina,Wilmott,jwilmott6g@archive.org,Jabbersphere,China
234,Judith,Faucett,jfaucett6h@typepad.com,Myworks,Portugal
235,Maurene,Bradford,mbradford6i@sciencedaily.com,Oyondu,Bosnia and Herzegovina
236,Jacinta,Blakeman,jblakeman6j@stanford.edu,Meedoo,Trinidad and Tobago
237,Gay,Garnall,ggarnall6k@newyorker.com,Jaxbean,Ecuador
238,Uriah,Kinastan,ukinastan6l@quantcast.com,Quaxo,Israel
239,Dael,Conti,dconti6m@ox.ac.uk,Skaboo,France
240,Woodie,Farfalameev,wfarfalameev6n@dagondesign.com,Gigabox,Russia
241,Leontine,Magowan,lmagowan6o@apache.org,Mybuzz,China
242,Marwin,Amber,mamber6p@washington.edu,Chatterpoint,Luxembourg
243,Richie,Griniov,rgriniov6q@taobao.com,Centizu,Canada
244,Kimberlyn,Markovic,kmarkovic6r@php.net,InnoZ,Indonesia
245,Clara,Gai,cgai6s@nytimes.com,Jaxbean,Philippines
246,Daphene,Drillingcourt,ddrillingcourt6t@cpanel.net,Quaxo,Sweden
247,Chickie,Gatheridge,cgatheridge6u@dagondesign.com,Ooba,Indonesia
248,Stevana,Applegarth,sapplegarth6v@state.gov,Brainverse,China
249,Kalie,Tute,ktute6w@123-reg.co.uk,Brightbean,Tanzania
250,Tan,Giveen,tgiveen6x@eventbrite.com,Ozu,Uruguay
251,Bailie,Dorking,bdorking6y@arstechnica.com,Divape,Benin
252,Mamie,Tonepohl,mtonepohl6z@cbc.ca,Topiczoom,Macedonia
253,Stavro,Cassel,scassel70@furl.net,Plajo,Netherlands
254,Timothy,Beach,tbeach71@miitbeian.gov.cn,Gabtype,Sweden
255,Izabel,Twinberrow,itwinberrow72@earthlink.net,Gabtune,Ireland
256,Cheston,Dunkerton,cdunkerton73@theguardian.com,Realfire,Philippines
257,Yalonda,Peedell,ypeedell74@java.com,Voonix,Czech Republic
258,Kira,Wanderschek,kwanderschek75@google.it,Latz,France
259,Melany,Etheredge,metheredge76@nifty.com,Realbuzz,Peru
260,Donella,Serris,dserris77@hud.gov,Ntags,China
261,Sherm,Swyer-Sexey,sswyersexey78@alexa.com,Skyvu,China
262,Herculie,Flag,hflag79@buzzfeed.com,Devify,Indonesia
263,Stephan,Sisse,ssisse7a@angelfire.com,Fliptune,China
264,Dalia,Waddy,dwaddy7b@blinklist.com,Ntags,Serbia
265,Rozalin,Bogaert,rbogaert7c@disqus.com,Skiba,Azerbaijan
266,Janina,Eversfield,jeversfield7d@nhs.uk,Wikizz,China
267,Rees,Lusher,rlusher7e@reddit.com,Pixoboo,Brazil
268,Dre,Blackbrough,dblackbrough7f@vistaprint.com,Flipopia,Ukraine
269,Lindi,Lamanby,llamanby7g@over-blog.com,Trunyx,Indonesia
270,Vasilis,Ellcome,vellcome7h@constantcontact.com,Gevee,Senegal
271,Viviana,Muttitt,vmuttitt7i@intel.com,Gigashots,United States
272,Brittne,MacGorley,bmacgorley7j@homestead.com,Bluejam,Vietnam
273,Angelina,Bitten,abitten7k@icio.us,Bubbletube,South Africa
274,Iain,Fox,ifox7l@archive.org,Kimia,Indonesia
275,Kara-lynn,Kellie,kkellie7m@over-blog.com,Midel,Guatemala
276,Douglass,Kadwallider,dkadwallider7n@xing.com,Linkbridge,Tunisia
277,Wally,Firk,wfirk7o@nymag.com,Topiczoom,Brazil
278,Addia,Kleinplac,akleinplac7p@flavors.me,Wordware,China
279,Bonnee,Gander,bgander7q@pinterest.com,Skibox,United States
280,Griff,Philipsen,gphilipsen7r@bing.com,Flashset,Brazil
281,Archibaldo,Dawtre,adawtre7s@cyberchimps.com,Oyonder,Indonesia
282,Xenos,Sobtka,xsobtka7t@merriam-webster.com,Livefish,France
283,Wakefield,Slorach,wslorach7u@dropbox.com,Brainverse,Poland
284,Ermengarde,Kilgannon,ekilgannon7v@google.com.hk,Oyoloo,China
285,Shae,Maggorini,smaggorini7w@amazon.de,Browsezoom,China
286,Augusto,Cayette,acayette7x@gravatar.com,Brainbox,Indonesia
287,Loydie,McGauhy,lmcgauhy7y@vimeo.com,Linkbuzz,Venezuela
288,Alexio,Goldsack,agoldsack7z@indiatimes.com,Fivebridge,China
289,Goddart,MacGillavery,gmacgillavery80@marriott.com,Buzzdog,Russia
290,Sutherland,Trelease,strelease81@seesaa.net,Eare,Ukraine
291,Noemi,de Nore,ndenore82@fda.gov,Voonyx,Ukraine
292,Josey,Hindsberg,jhindsberg83@bizjournals.com,Photofeed,China
293,Ruperto,Jouhan,rjouhan84@t-online.de,Trudoo,China
294,Rosemaria,Gytesham,rgytesham85@paginegialle.it,Twiyo,South Korea
295,Melisa,Leborgne,mleborgne86@imdb.com,Bubbletube,Indonesia
296,Pete,Instone,pinstone87@xinhuanet.com,Meejo,Palestinian Territory
297,Boonie,Tarney,btarney88@wufoo.com,Lajo,Indonesia
298,Nehemiah,Smalcombe,nsmalcombe89@ycombinator.com,Blogtag,China
299,Denney,Hayer,dhayer8a@wired.com,Oozz,Sweden
300,Deerdre,Clapham,dclapham8b@springer.com,Podcat,Philippines
301,Chad,Rivelon,crivelon8c@shop-pro.jp,Miboo,Ecuador
302,Rafaelia,Fogt,rfogt8d@csmonitor.com,Zoomzone,China
303,Saundra,Hartnell,shartnell8e@csmonitor.com,Demimbu,Brazil
304,Bartlett,Robbie,brobbie8f@elpais.com,Avavee,China
305,Carolee,Wapple,cwapple8g@irs.gov,Brainlounge,Colombia
306,Julee,Rumens,jrumens8h@angelfire.com,Thoughtmix,China
307,Jacinda,Baudino,jbaudino8i@diigo.com,Oozz,Russia
308,Jarrid,Eul,jeul8j@jalbum.net,Wikibox,Japan
309,Haley,Francomb,hfrancomb8k@cmu.edu,Browsedrive,Colombia
310,Sarette,Bugby,sbugby8l@census.gov,Buzzbean,Brazil
311,Marja,Speck,mspeck8m@addthis.com,Zoonder,Brazil
312,Yettie,Rowling,yrowling8n@vinaora.com,Yambee,Ukraine
313,Erminie,Matanin,ematanin8o@ed.gov,Livefish,Madagascar
314,Andrea,Berard,aberard8p@arstechnica.com,Voonyx,United States
315,Al,Gyles,agyles8q@gnu.org,Layo,Belize
316,Jordana,Leech,jleech8r@usatoday.com,Yodoo,China
317,Tony,Hitzschke,thitzschke8s@google.fr,Pixonyx,China
318,Kerk,Manville,kmanville8t@histats.com,Gigashots,Venezuela
319,Cesare,Chable,cchable8u@livejournal.com,Plambee,China
320,Pat,Jedrys,pjedrys8v@yellowbook.com,Skipstorm,Russia
321,Flora,Gehrels,fgehrels8w@oakley.com,Topiclounge,China
322,Bellina,Skocroft,bskocroft8x@51.la,Topiclounge,Indonesia
323,Aurelie,Coult,acoult8y@amazonaws.com,Skaboo,Indonesia
324,Frannie,Dolbey,fdolbey8z@cam.ac.uk,Topiclounge,Indonesia
325,Maridel,Swiffen,mswiffen90@pen.io,Jazzy,Malaysia
326,Rorke,Daintith,rdaintith91@artisteer.com,Gabtype,Norway
327,Cordie,Robinette,crobinette92@china.com.cn,Linklinks,Peru
328,Carolan,Hammerstone,chammerstone93@cnet.com,Flipbug,Argentina
329,Barclay,MacRanald,bmacranald94@sakura.ne.jp,Thoughtstorm,Russia
330,Salli,Matusson,smatusson95@flickr.com,Yoveo,Philippines
331,Sonnie,Swift,sswift96@nifty.com,Einti,Thailand
332,Dill,Michieli,dmichieli97@abc.net.au,Devpoint,Portugal
333,Joye,Murtagh,jmurtagh98@blogtalkradio.com,Rhynyx,Uruguay
334,Grata,St. Louis,gstlouis99@biglobe.ne.jp,Cogilith,Cuba
335,Cindelyn,Maine,cmaine9a@pagesperso-orange.fr,Riffwire,China
336,Amerigo,Kenzie,akenzie9b@jimdo.com,Meezzy,Ukraine
337,Bone,Corbert,bcorbert9c@bloglovin.com,Topdrive,Peru
338,Alta,Tumelty,atumelty9d@mtv.com,Meezzy,Vietnam
339,Sandy,Wahncke,swahncke9e@gov.uk,Linktype,Ghana
340,Keary,Meynell,kmeynell9f@linkedin.com,Oyoloo,Peru
341,Vivyan,Franciskiewicz,vfranciskiewicz9g@yolasite.com,Feedfish,Indonesia
342,Ilsa,Spelling,ispelling9h@bizjournals.com,Yoveo,Brazil
343,Rochell,Noden,rnoden9i@google.ru,Zooveo,Russia
344,Bernardina,Tyers,btyers9j@eventbrite.com,Quinu,Indonesia
345,Jennine,Bagnal,jbagnal9k@exblog.jp,Tazz,China
346,Kamillah,Huard,khuard9l@google.fr,Feedmix,Russia
347,Marleen,Mathevon,mmathevon9m@jugem.jp,Bubblebox,China
348,Clarance,Ghion,cghion9n@yellowpages.com,Brightdog,Denmark
349,Gael,Lightfoot,glightfoot9o@columbia.edu,Linktype,Kazakhstan
350,Hayes,Dingley,hdingley9p@altervista.org,Browsetype,Indonesia
351,Silvia,Waples,swaples9q@myspace.com,Dynabox,Liechtenstein
352,Garreth,Arnot,garnot9r@prnewswire.com,Tagfeed,Philippines
353,Flint,Avramow,favramow9s@tripadvisor.com,Skiba,Denmark
354,Augustin,Bradbury,abradbury9t@yelp.com,Katz,Indonesia
355,Hattie,Smeed,hsmeed9u@admin.ch,Thoughtsphere,Ethiopia
356,Clementius,Richardeau,crichardeau9v@kickstarter.com,Dabtype,France
357,Kile,Dunbleton,kdunbleton9w@pcworld.com,Zoombeat,Czech Republic
358,Farrand,Cyphus,fcyphus9x@virginia.edu,Pixonyx,Philippines
359,Chelsey,Meco,cmeco9y@nifty.com,Babbleopia,Japan
360,Tami,Meikle,tmeikle9z@guardian.co.uk,Babbleopia,Philippines
361,Say,Tidbald,stidbalda0@seattletimes.com,Skippad,Peru
362,Howie,Rainville,hrainvillea1@sphinn.com,Rhynoodle,Samoa
363,Cary,Raiston,craistona2@about.com,Oodoo,Canada
364,Dennet,Rosenblatt,drosenblatta3@technorati.com,Gabspot,Indonesia
365,Amory,Bonsul,abonsula4@constantcontact.com,Gabtype,Mauritius
366,Roxanna,Veldman,rveldmana5@wired.com,Mudo,Bulgaria
367,Valencia,Malenoir,vmalenoira6@bloomberg.com,Feedfire,Ethiopia
368,Jolynn,Eddleston,jeddlestona7@cbsnews.com,Kanoodle,Indonesia
369,Karlene,Rogan,krogana8@washingtonpost.com,Topiczoom,China
370,Sigrid,Boshers,sboshersa9@ed.gov,Yodel,Honduras
371,Dicky,Cobleigh,dcobleighaa@eventbrite.com,Brightdog,China
372,Cherey,Slowan,cslowanab@cornell.edu,Chatterbridge,Indonesia
373,Kelvin,Ivanilov,kivanilovac@bloomberg.com,Jatri,Philippines
374,Fanchon,Ashpole,fashpolead@tumblr.com,Yakitri,Peru
375,Carmel,Woliter,cwoliterae@constantcontact.com,Reallinks,North Korea
376,Starr,Blofeld,sblofeldaf@narod.ru,Dablist,Poland
377,Egbert,de Clerq,edeclerqag@prweb.com,Zoombox,Indonesia
378,Junette,Bjerkan,jbjerkanah@psu.edu,Feedmix,Indonesia
379,Clemmy,Bernardo,cbernardoai@pinterest.com,Meejo,France
380,Rurik,Dunthorn,rdunthornaj@spiegel.de,Npath,Ethiopia
381,Lulita,Somerset,lsomersetak@free.fr,Aivee,Russia
382,Margarita,Girardin,mgirardinal@1und1.de,Trupe,Niger
383,Crin,Whitlock,cwhitlockam@cloudflare.com,Flipopia,Sweden
384,Francyne,McCreadie,fmccreadiean@omniture.com,Livefish,Bulgaria
385,Lindie,Jiran,ljiranao@is.gd,Tagchat,Russia
386,Ora,Seaton,oseatonap@1und1.de,Meetz,Sweden
387,Skipper,Constantine,sconstantineaq@usda.gov,Wordware,China
388,Fredrika,Seaman,fseamanar@fema.gov,Twimbo,Egypt
389,Allistir,Scotland,ascotlandas@ca.gov,Youfeed,Indonesia
390,Galina,Milham,gmilhamat@yale.edu,Tagchat,Tokelau
391,Maribelle,Gillaspy,mgillaspyau@xrea.com,Meetz,Nigeria
392,Henrie,Castelli,hcastelliav@theglobeandmail.com,Jaxspan,Tanzania
393,Alex,Crumley,acrumleyaw@skype.com,Janyx,Ukraine
394,Jeremie,Vause,jvauseax@answers.com,Rhynoodle,Czech Republic
395,Leonie,Piscopo,lpiscopoay@theguardian.com,Dazzlesphere,Cameroon
396,Sigismondo,Penswick,spenswickaz@ihg.com,Miboo,Ireland
397,Enriqueta,Amoss,eamossb0@sun.com,Yakijo,France
398,Cassandre,Langeley,clangeleyb1@mit.edu,Quire,Iran
399,Clarance,Fido,cfidob2@mapy.cz,Photospace,Poland
400,Arlyne,Benton,abentonb3@google.es,Yombu,China
401,Pail,Coatman,pcoatmanb4@yelp.com,Izio,Russia
402,Lindsey,Sjostrom,lsjostromb5@linkedin.com,Livetube,Russia
403,Maurizia,Dearing,mdearingb6@cocolog-nifty.com,Snaptags,Indonesia
404,Jareb,Hallatt,jhallattb7@smh.com.au,Aibox,Central African Republic
405,Forster,Bickersteth,fbickerstethb8@whitehouse.gov,Quire,China
406,Raquel,Helbeck,rhelbeckb9@surveymonkey.com,Tanoodle,Chile
407,Ferdinande,Umpleby,fumplebyba@smh.com.au,Zoonder,Indonesia
408,Tallie,Daulton,tdaultonbb@squidoo.com,Gevee,China
409,Adrianne,Thebeau,athebeaubc@yelp.com,Zoozzy,China
410,Engracia,Meiklem,emeiklembd@imageshack.us,Edgepulse,Indonesia
411,Si,Bambury,sbamburybe@tuttocitta.it,Eidel,Hungary
412,Riannon,McCaw,rmccawbf@geocities.jp,Photobug,Canada
413,Evelyn,Fenning,efenningbg@hc360.com,Twitterbridge,Serbia
414,Nadiya,Rowberry,nrowberrybh@ed.gov,Photobug,South Africa
415,Ula,Youens,uyouensbi@addtoany.com,Vidoo,Iran
416,Mara,Cuel,mcuelbj@ucsd.edu,Topicstorm,Mauritius
417,Des,Gamage,dgamagebk@upenn.edu,Izio,China
418,Farra,Bartoszewicz,fbartoszewiczbl@opera.com,Brightbean,Russia
419,Lonnie,Orrice,lorricebm@yelp.com,Gabspot,Peru
420,Traver,Sibbald,tsibbaldbn@hhs.gov,Youbridge,China
421,Celine,Creeghan,ccreeghanbo@youtu.be,Browsedrive,Portugal
422,Tab,Tregien,ttregienbp@youku.com,Fadeo,Argentina
423,Sanson,Gagie,sgagiebq@bravesites.com,Roomm,Ukraine
424,Maible,Semiraz,msemirazbr@topsy.com,Trupe,Albania
425,Beck,Mathwin,bmathwinbs@feedburner.com,Yamia,China
426,Reginald,Stanyforth,rstanyforthbt@reuters.com,Talane,Estonia
427,Fedora,Blaker,fblakerbu@taobao.com,Muxo,Indonesia
428,Victor,Glennie,vglenniebv@dyndns.org,Riffpedia,Canada
429,Ardyth,Sarsfield,asarsfieldbw@theguardian.com,Tazzy,France
430,Evangelia,Howlett,ehowlettbx@networksolutions.com,Dabshots,Indonesia
431,Pren,Sainer,psainerby@reverbnation.com,Babblestorm,Japan
432,Nomi,Burdess,nburdessbz@jigsy.com,Brainverse,Czech Republic
433,Silvanus,Tapner,stapnerc0@virginia.edu,Buzzster,Uzbekistan
434,Richmond,Buten,rbutenc1@a8.net,Zoomcast,Indonesia
435,Gussie,Van der Velde,gvanderveldec2@cdbaby.com,Wordify,Albania
436,Oliy,Klauer,oklauerc3@google.com.au,Edgeclub,Sweden
437,Filippo,Gathwaite,fgathwaitec4@tiny.cc,Oyonder,Vietnam
438,Sande,Larratt,slarrattc5@ustream.tv,Avamm,Indonesia
439,Javier,Dhennin,jdhenninc6@google.cn,Janyx,Brazil
440,Christophorus,Fyall,cfyallc7@bing.com,Cogilith,Japan
441,Ned,Kob,nkobc8@nytimes.com,Oyonder,Indonesia
442,Tish,Kendrick,tkendrickc9@free.fr,Browsebug,Brazil
443,Scot,Elstow,selstowca@edublogs.org,Twitterbeat,Philippines
444,Norry,Banthorpe,nbanthorpecb@jigsy.com,Tambee,Kenya
445,Adelaida,Woolfoot,awoolfootcc@dion.ne.jp,Zazio,Colombia
446,Vassili,Whines,vwhinescd@senate.gov,Fanoodle,Colombia
447,Cheri,Sympson,csympsonce@php.net,Topiclounge,China
448,Gaultiero,Roydon,groydoncf@rambler.ru,DabZ,Philippines
449,Daffy,Hughlock,dhughlockcg@mac.com,Vidoo,Estonia
450,Emyle,Cassimer,ecassimerch@accuweather.com,Jaxbean,Sweden
451,Adelle,Trobey,atrobeyci@vinaora.com,Yombu,Indonesia
452,Sunny,Novik,snovikcj@merriam-webster.com,Youbridge,Nigeria
453,Mohammed,Denyukhin,mdenyukhinck@nationalgeographic.com,Camido,Tunisia
454,Blake,Madigan,bmadigancl@creativecommons.org,Zoonder,Indonesia
455,Fern,Beal,fbealcm@imageshack.us,Feednation,Honduras
456,Andonis,Edmead,aedmeadcn@weibo.com,Shuffledrive,France
457,Teddy,Lansley,tlansleyco@ovh.net,Zoomlounge,Egypt
458,Rochell,Muffett,rmuffettcp@cnet.com,Muxo,Azerbaijan
459,Catherine,Mansbridge,cmansbridgecq@comsenz.com,Twimbo,China
460,Roderigo,Krikorian,rkrikoriancr@domainmarket.com,Tagfeed,Indonesia
461,Mandy,Franzelini,mfranzelinics@washington.edu,Myworks,Cameroon
462,Elenore,Mycock,emycockct@github.io,Lazz,Argentina
463,Issy,Vaneschi,ivaneschicu@sphinn.com,Trudeo,Botswana
464,Albert,Besant,abesantcv@jigsy.com,Zooveo,Brazil
465,Jarad,Shieber,jshiebercw@comcast.net,Zoombox,Switzerland
466,Launce,Lennox,llennoxcx@canalblog.com,Tagpad,China
467,Shirlee,Ledes,sledescy@flickr.com,Pixoboo,United States
468,Julietta,Deegin,jdeegincz@google.es,Feedfish,Nigeria
469,Koren,Mowne,kmowned0@google.de,Riffpedia,Burkina Faso
470,Darline,Crenshaw,dcrenshawd1@clickbank.net,Skimia,Micronesia
471,Sara,Kingsman,skingsmand2@comsenz.com,Youfeed,China
472,Allison,Cuss,acussd3@adobe.com,Topdrive,Syria
473,Cristian,Cabedo,ccabedod4@narod.ru,Camimbo,Egypt
474,Greer,Rafe,grafed5@wunderground.com,Devpulse,Poland
475,Ferdy,Estevez,festevezd6@cdc.gov,Quatz,Finland
476,Donnamarie,Whitticks,dwhitticksd7@slate.com,Dabshots,China
477,Tatiania,Mattock,tmattockd8@sun.com,Twitterworks,Russia
478,Shaine,O'Sesnane,sosesnaned9@ezinearticles.com,Chatterbridge,China
479,Garrik,Hing,ghingda@howstuffworks.com,Thoughtsphere,South Africa
480,Koren,Bottby,kbottbydb@zimbio.com,Jaxworks,Thailand
481,Giffer,Ide,gidedc@goo.gl,Blogtags,Mongolia
482,Sayres,Tooth,stoothdd@github.com,Vidoo,Nigeria
483,Morie,Epine,mepinede@acquirethisname.com,Gabtype,Lesotho
484,Gibb,Maty,gmatydf@cyberchimps.com,Topicshots,Russia
485,Ky,Tague,ktaguedg@soup.io,Oyope,United States
486,Dorie,Kolakowski,dkolakowskidh@storify.com,Devpulse,Poland
487,Rosa,Moyer,rmoyerdi@sogou.com,Edgepulse,North Korea
488,Ardene,Attoc,aattocdj@exblog.jp,Thoughtblab,China
489,Mallory,Laker,mlakerdk@sina.com.cn,LiveZ,Kenya
490,Oralia,Volonte,ovolontedl@yahoo.com,Ainyx,South Korea
491,Skippie,Dundin,sdundindm@samsung.com,Fiveclub,Honduras
492,Alexandros,Farnon,afarnondn@aol.com,Shufflebeat,Peru
493,Fara,Pengilley,fpengilleydo@diigo.com,Rooxo,Ukraine
494,Laverne,Roberds,lroberdsdp@dropbox.com,Flipbug,Indonesia
495,Janith,Flay,jflaydq@creativecommons.org,Zava,Russia
496,Rianon,Kinsley,rkinsleydr@biglobe.ne.jp,Vipe,Guinea-Bissau
497,Vito,Vallance,vvallanceds@wunderground.com,Ailane,Indonesia
498,Kipp,Chaim,kchaimdt@youku.com,Aimbu,Cyprus
499,Coralie,Cattrall,ccattralldu@oracle.com,Twiyo,Brazil
500,Davida,Slite,dslitedv@deliciousdays.com,Feedbug,Tunisia
501,Lou,Heyfield,lheyfielddw@facebook.com,Skiptube,Ukraine
502,Merle,Graveston,mgravestondx@hexun.com,Brightbean,Indonesia
503,Darcy,Eastby,deastbydy@archive.org,Divavu,Peru
504,Jerad,Alpin,jalpindz@fotki.com,Yambee,Peru
505,Claudian,Bainton,cbaintone0@fc2.com,Oyoba,Ukraine
506,Kippie,Bowller,kbowllere1@diigo.com,Ntags,Tanzania
507,Kilian,Jina,kjinae2@g.co,Wikivu,Togo
508,Bernice,Moxson,bmoxsone3@rambler.ru,Demizz,Sweden
509,Bernardo,Hryniewicki,bhryniewickie4@cdbaby.com,Roombo,Portugal
510,Stanley,Pipes,spipese5@about.me,Thoughtsphere,Vietnam
511,Egon,De Haven,edehavene6@storify.com,Yodel,China
512,Valli,Davitashvili,vdavitashvilie7@fc2.com,Oyonder,China
513,Galina,Ranstead,gransteade8@drupal.org,Linklinks,China
514,Garvy,Pristnor,gpristnore9@nps.gov,Oodoo,France
515,Adolpho,Gowrie,agowrieea@yelp.com,Skivee,Indonesia
516,Skylar,Guyet,sguyeteb@netvibes.com,Brainlounge,Czech Republic
517,Cornela,Hassall,chassallec@php.net,Thoughtstorm,Indonesia
518,Jolee,Kuhnhardt,jkuhnhardted@disqus.com,Brightdog,Ukraine
519,Marybeth,Dufton,mduftonee@flickr.com,Kazu,United States
520,Pierette,Osgodby,posgodbyef@weather.com,Gigaclub,Poland
521,Godiva,Abbess,gabbesseg@ycombinator.com,Flipopia,Malawi
522,Rozalie,Dowey,rdoweyeh@patch.com,Yakidoo,Syria
523,Jean,Walwood,jwalwoodei@icq.com,Roombo,Philippines
524,Hiram,Addyman,haddymanej@fotki.com,Kwilith,Canada
525,Daisi,Haycock,dhaycockek@google.com.hk,Flashset,China
526,Findlay,Haensel,fhaenselel@wsj.com,Gigazoom,Croatia
527,Philbert,Birtwistle,pbirtwistleem@elpais.com,Edgewire,Iran
528,Lucy,Daniely,ldanielyen@apache.org,Midel,France
529,Randee,Ashwin,rashwineo@cam.ac.uk,Realbridge,China
530,Fitz,Blythin,fblythinep@wordpress.org,Vinder,Paraguay
531,Briano,Craisford,bcraisfordeq@cbsnews.com,Jaxspan,Indonesia
532,Jeanelle,Crackett,jcracketter@nyu.edu,Realcube,Indonesia
533,Adrian,Sproston,asprostones@blogger.com,Plajo,Sweden
534,Angel,Tume,atumeet@economist.com,Jaxworks,Poland
535,Danice,Labbet,dlabbeteu@berkeley.edu,Lajo,Brazil
536,Nilson,Margiotta,nmargiottaev@bandcamp.com,Jetpulse,Malaysia
537,Thoma,Bendle,tbendleew@usnews.com,Photolist,Ghana
538,Susie,Darcey,sdarceyex@independent.co.uk,Photobean,Belarus
539,Ingram,Martel,imarteley@earthlink.net,Photofeed,China
540,Brietta,Gremane,bgremaneez@craigslist.org,Tekfly,China
541,Emlen,Danielut,edanielutf0@illinois.edu,Rhycero,United States
542,Shawna,Hagley,shagleyf1@usgs.gov,Skyba,Russia
543,Angelika,Craft,acraftf2@patch.com,Shuffledrive,Portugal
544,Elmer,Toghill,etoghillf3@ibm.com,Plajo,China
545,Marlena,Curteis,mcurteisf4@hibu.com,Roodel,Brazil
546,Marjie,Desforges,mdesforgesf5@umn.edu,Zoomzone,Thailand
547,Betty,Flewett,bflewettf6@yale.edu,Jaxbean,Vietnam
548,Phyllis,Scantlebury,pscantleburyf7@ibm.com,Blogtag,Bulgaria
549,Dierdre,Bather,dbatherf8@parallels.com,Zoomlounge,Portugal
550,Alix,Brighty,abrightyf9@exblog.jp,Izio,Malaysia
551,Annmarie,Di Carli,adicarlifa@so-net.ne.jp,Yodoo,Cameroon
552,Maris,Paszek,mpaszekfb@dailymotion.com,Kwinu,Philippines
553,Leanor,Vasilchenko,lvasilchenkofc@amazon.de,Yadel,Serbia
554,Kiah,Yesichev,kyesichevfd@printfriendly.com,Skinte,Brazil
555,Lefty,Swanton,lswantonfe@elegantthemes.com,Chatterbridge,Croatia
556,Jamima,Whalebelly,jwhalebellyff@spotify.com,Fivechat,China
557,Haslett,Ipsgrave,hipsgravefg@va.gov,Photolist,France
558,Vitia,Pill,vpillfh@360.cn,Skyba,China
559,Chelsae,Reignould,creignouldfi@ifeng.com,Jatri,Brazil
560,Avie,Gravell,agravellfj@multiply.com,Linkbuzz,Portugal
561,Corie,Olver,colverfk@house.gov,Abatz,Czech Republic
562,Gun,Cullnean,gcullneanfl@nymag.com,Trilith,Ukraine
563,Kandace,Urlin,kurlinfm@domainmarket.com,Voonte,Philippines
564,Ulysses,Huntingdon,uhuntingdonfn@scientificamerican.com,Wikibox,Russia
565,Gonzales,Shillingford,gshillingfordfo@wordpress.org,Thoughtblab,Burkina Faso
566,Morgun,Jeays,mjeaysfp@reverbnation.com,Kamba,Philippines
567,Blayne,Clarey,bclareyfq@blogs.com,InnoZ,Poland
568,Link,Stuckow,lstuckowfr@cdc.gov,Topdrive,China
569,Luce,Hinkley,lhinkleyfs@uiuc.edu,Browsetype,Ivory Coast
570,Carrol,Nisuis,cnisuisft@mysql.com,Eire,United States
571,Nadya,Dunnion,ndunnionfu@cnn.com,Zoombox,Serbia
572,Norma,Tomaini,ntomainifv@businesswire.com,Babblestorm,Indonesia
573,Laurianne,Merrisson,lmerrissonfw@github.com,Bubblemix,Ukraine
574,Ame,McCarter,amccarterfx@patch.com,Kanoodle,Serbia
575,Tracey,Bygott,tbygottfy@ezinearticles.com,Realpoint,Portugal
576,Moreen,Drayton,mdraytonfz@ftc.gov,Meeveo,North Korea
577,Zondra,Gino,zginog0@google.com,Skilith,China
578,Annie,McRobb,amcrobbg1@hubpages.com,Lajo,Philippines
579,Davida,O'Hear,dohearg2@nps.gov,Ozu,Indonesia
580,Jayme,Coales,jcoalesg3@google.com.br,Vinte,Tunisia
581,Tracee,Faltin,tfalting4@scribd.com,Shuffledrive,China
582,Xavier,Cussins,xcussinsg5@deviantart.com,Riffwire,China
583,Benedetta,Noar,bnoarg6@state.gov,Eadel,France
584,Georgie,Collett,gcollettg7@bluehost.com,Skiba,Indonesia
585,Hieronymus,Stainland,hstainlandg8@amazon.de,Trunyx,France
586,Adrea,Delagua,adelaguag9@cdbaby.com,Skyvu,Costa Rica
587,Coralie,Witherow,cwitherowga@addtoany.com,Ozu,Venezuela
588,Bradan,Burkitt,bburkittgb@statcounter.com,Myworks,Indonesia
589,Rachael,Ruddiman,rruddimangc@scientificamerican.com,Thoughtbeat,Russia
590,Liesa,Blain,lblaingd@dmoz.org,Pixoboo,China
591,Darcy,Caveau,dcaveauge@mac.com,Skippad,China
592,Kiah,Thomesson,kthomessongf@weather.com,Gigabox,Haiti
593,Cristi,Hitchens,chitchensgg@auda.org.au,Thoughtmix,China
594,Pris,Padmore,ppadmoregh@wordpress.com,Twitterwire,Mexico
595,Frazer,Erricker,ferrickergi@time.com,Riffpedia,Thailand
596,Sheena,Panchen,spanchengj@artisteer.com,Tagpad,Sweden
597,Izaak,Ritch,iritchgk@ft.com,Tekfly,Egypt
598,Thedrick,Cordes,tcordesgl@businessinsider.com,Rhyloo,Mexico
599,Dulcine,Novotne,dnovotnegm@w3.org,Thoughtblab,Israel
600,Sydney,Giovannelli,sgiovannellign@opera.com,Centimia,France
601,Sibyl,Epinay,sepinaygo@foxnews.com,Devpulse,Japan
602,Melitta,Hodgin,mhodgingp@redcross.org,Thoughtworks,Indonesia
603,Vincent,Moughtin,vmoughtingq@columbia.edu,Browsebug,Norway
604,Vassili,Solloway,vsollowaygr@theguardian.com,Dabshots,Paraguay
605,Jo ann,Simounet,jsimounetgs@fema.gov,Feedmix,Tanzania
606,Hube,Hartley,hhartleygt@forbes.com,Meeveo,Indonesia
607,Far,Levin,flevingu@usnews.com,Flipopia,France
608,Kass,O'Beirne,kobeirnegv@arizona.edu,Photolist,China
609,Ninetta,Furbank,nfurbankgw@utexas.edu,Thoughtbridge,China
610,Emelia,Hares,eharesgx@nhs.uk,Kare,Mexico
611,Orrin,Fabry,ofabrygy@github.io,Jaxbean,Jordan
612,Pooh,Trodler,ptrodlergz@shop-pro.jp,Flipopia,Indonesia
613,Myer,Brickwood,mbrickwoodh0@acquirethisname.com,Eadel,Indonesia
614,Dorelia,Aberhart,daberharth1@disqus.com,Oloo,Albania
615,Iolande,Hartnell,ihartnellh2@thetimes.co.uk,Topdrive,China
616,Far,Cluckie,fcluckieh3@java.com,Fivespan,Philippines
617,Gertrudis,Heinemann,gheinemannh4@merriam-webster.com,Skidoo,Croatia
618,Bunny,Greim,bgreimh5@aboutads.info,Brightdog,Sweden
619,Yoko,Burry,yburryh6@nba.com,Brainsphere,Pakistan
620,Eustacia,Caldeyroux,ecaldeyrouxh7@amazon.co.uk,Bubblemix,Botswana
621,Gilberta,Roggers,groggersh8@washington.edu,Tekfly,Poland
622,Sigismond,Upson,supsonh9@go.com,Trilia,Poland
623,Sallie,Hundy,shundyha@photobucket.com,Dynabox,Russia
624,Yuma,Elcombe,yelcombehb@ted.com,Centizu,China
625,Leanna,Haps,lhapshc@hostgator.com,Twitterbeat,Indonesia
626,Chantal,Baynton,cbayntonhd@soundcloud.com,Dabshots,Czech Republic
627,Shaun,Trimby,strimbyhe@homestead.com,Shuffletag,Chad
628,Aile,Hymas,ahymashf@pagesperso-orange.fr,Jaxnation,France
629,Erroll,Sedgefield,esedgefieldhg@ocn.ne.jp,Ntag,Palestinian Territory
630,Robb,Bradnum,rbradnumhh@google.com,Youopia,Vietnam
631,Elfie,Favelle,efavellehi@un.org,Oodoo,Indonesia
632,Monroe,Cust,mcusthj@huffingtonpost.com,Jetwire,Indonesia
633,Ramsay,Gilhouley,rgilhouleyhk@rambler.ru,Jaxbean,Russia
634,Lianna,Sifflett,lsiffletthl@nydailynews.com,Skipstorm,Laos
635,Reed,Berrington,rberringtonhm@adobe.com,Youopia,France
636,Garv,Sutherley,gsutherleyhn@g.co,Jabbertype,China
637,Harli,Sallier,hsallierho@bloomberg.com,Tagpad,Poland
638,Scarlett,Maskall,smaskallhp@is.gd,Mydeo,Zimbabwe
639,Michelle,Rodenborch,mrodenborchhq@engadget.com,Thoughtblab,Russia
640,Ambros,Eefting,aeeftinghr@behance.net,Yadel,Morocco
641,Hersh,Cadding,hcaddinghs@newsvine.com,Oodoo,China
642,Maryellen,Bowness,mbownessht@cyberchimps.com,Voolia,Turkmenistan
643,Ninnetta,Stanett,nstanetthu@infoseek.co.jp,Pixonyx,Iran
644,Bertram,Espina,bespinahv@dion.ne.jp,Mynte,Mexico
645,Poul,Rosenblum,prosenblumhw@harvard.edu,Wordware,Japan
646,Wendye,Showt,wshowthx@jigsy.com,Photospace,Tunisia
647,Michel,Osman,mosmanhy@tumblr.com,Chatterpoint,Indonesia
648,Ula,Forte,ufortehz@google.com,Jabberbean,Cameroon
649,Latashia,Luckin,lluckini0@nifty.com,Meetz,Poland
650,Lorant,Bilham,lbilhami1@liveinternet.ru,Fivechat,Finland
651,Kesley,Wintersgill,kwintersgilli2@taobao.com,Quire,China
652,Muffin,Zanioletti,mzaniolettii3@hatena.ne.jp,Minyx,China
653,Morie,Huntar,mhuntari4@mozilla.com,Divanoodle,China
654,Vilma,Maith,vmaithi5@creativecommons.org,Midel,Philippines
655,Lorrin,Gagie,lgagiei6@unblog.fr,Twitterbeat,United States
656,Diane-marie,Binge,dbingei7@msn.com,Blognation,Kyrgyzstan
657,Loretta,Fearns,lfearnsi8@surveymonkey.com,Skyndu,Azerbaijan
658,Saw,Chasmor,schasmori9@scientificamerican.com,Tavu,Indonesia
659,Emili,Hymers,ehymersia@about.me,Brightbean,Philippines
660,Romonda,Conkling,rconklingib@umich.edu,Topdrive,Serbia
661,Rora,Salvin,rsalvinic@pbs.org,Livepath,Gabon
662,Decca,Bursnall,dbursnallid@weebly.com,Gabtune,Indonesia
663,Aubrey,Bosley,abosleyie@feedburner.com,Realfire,Czech Republic
664,Afton,Shenfisch,ashenfischif@oakley.com,Zoonder,France
665,Guendolen,Campbell,gcampbellig@about.com,Quinu,China
666,Ramsay,Caush,rcaushih@europa.eu,Jaxnation,Netherlands
667,Kylie,Harrhy,kharrhyii@prnewswire.com,Talane,Japan
668,Ardyce,Lemme,alemmeij@ucoz.com,Gevee,Indonesia
669,Tomaso,Cockcroft,tcockcroftik@twitter.com,Jaxworks,Pakistan
670,Binni,McCarry,bmccarryil@imgur.com,Oodoo,Indonesia
671,Doll,Fasset,dfassetim@themeforest.net,Jazzy,Iran
672,Fifi,Cabrer,fcabrerin@mapy.cz,Rhynoodle,Czech Republic
673,Arly,Nasey,anaseyio@unesco.org,Mydeo,Germany
674,Janot,Keasey,jkeaseyip@ask.com,Blognation,Morocco
675,Mattheus,Keedwell,mkeedwelliq@narod.ru,Flashdog,Sweden
676,Sophi,Royse,sroyseir@soup.io,Skaboo,Indonesia
677,Elfreda,Zorzenoni,ezorzenoniis@yahoo.com,Browsetype,Chile
678,Terrie,Tomaszynski,ttomaszynskiit@mediafire.com,Yozio,China
679,Helenelizabeth,Spencook,hspencookiu@oaic.gov.au,Realmix,Mongolia
680,Catrina,Lebourn,clebourniv@freewebs.com,Twimbo,China
681,Ambrosius,Andrys,aandrysiw@xrea.com,Blogspan,Indonesia
682,Dru,Sculpher,dsculpherix@blogspot.com,Topiclounge,Kazakhstan
683,Marline,Matuszinski,mmatuszinskiiy@issuu.com,Tagpad,Ukraine
684,Lorry,Hourican,lhouricaniz@artisteer.com,Izio,Ukraine
685,Salomo,Licari,slicarij0@npr.org,Tagchat,Malaysia
686,Kristy,MacLeese,kmacleesej1@tumblr.com,Wikizz,Panama
687,Kleon,Graeser,kgraeserj2@tinypic.com,Miboo,Russia
688,Janek,Shippey,jshippeyj3@mashable.com,Brainbox,Nigeria
689,Dacy,Covington,dcovingtonj4@dyndns.org,Miboo,Indonesia
690,Christie,Dudliston,cdudlistonj5@xinhuanet.com,Ntags,Indonesia
691,Queenie,Maker,qmakerj6@arizona.edu,Eayo,Philippines
692,Flory,Burkett,fburkettj7@flickr.com,Browsedrive,Philippines
693,Isac,Robichon,irobichonj8@tinypic.com,Photospace,China
694,Bennett,Brewerton,bbrewertonj9@fastcompany.com,Oozz,Argentina
695,Terrie,Bohills,tbohillsja@uol.com.br,Digitube,Argentina
696,Lindy,Fairbank,lfairbankjb@people.com.cn,BlogXS,China
697,Justinn,Vineall,jvinealljc@clickbank.net,Zooveo,Peru
698,Marilee,Smallcomb,msmallcombjd@epa.gov,Zoovu,Russia
699,Andras,Wenderoth,awenderothje@nasa.gov,Skyble,Indonesia
700,Christabel,Straneo,cstraneojf@bloomberg.com,Meezzy,France
701,Chiquia,Exelby,cexelbyjg@gravatar.com,Oyoyo,Egypt
702,Percival,Belson,pbelsonjh@rambler.ru,Quinu,Togo
703,Kennett,Ainsbury,kainsburyji@fc2.com,Chatterpoint,China
704,Patsy,Youster,pyousterjj@sourceforge.net,Photobean,Mongolia
705,Zulema,Chippindall,zchippindalljk@phoca.cz,Fiveclub,China
706,Lurette,Ebertz,lebertzjl@statcounter.com,Blogspan,Ukraine
707,Angelico,Bockman,abockmanjm@ca.gov,Youspan,Argentina
708,Correy,Oaker,coakerjn@alexa.com,Reallinks,United States
709,Serena,Klemmt,sklemmtjo@cafepress.com,Chatterpoint,Indonesia
710,Loralee,Corbridge,lcorbridgejp@simplemachines.org,Zoomdog,China
711,Jereme,Lisciandri,jlisciandrijq@indiatimes.com,Bubblemix,Russia
712,Netty,Arkin,narkinjr@foxnews.com,Voolia,El Salvador
713,Meade,Chomiszewski,mchomiszewskijs@skype.com,Divape,Portugal
714,Randi,Fontaine,rfontainejt@cargocollective.com,Geba,Cuba
715,Jacqueline,Whitebread,jwhitebreadju@apache.org,Buzzshare,China
716,Stanleigh,Vakhonin,svakhoninjv@netvibes.com,Dabshots,Colombia
717,Jacquie,Clipston,jclipstonjw@youku.com,Ailane,Indonesia
718,Sullivan,Baptiste,sbaptistejx@prlog.org,Skinte,China
719,Oriana,MacAllister,omacallisterjy@china.com.cn,Divanoodle,France
720,Almira,Bispo,abispojz@trellian.com,Centimia,Iran
721,Adore,Argrave,aargravek0@biblegateway.com,Rhynyx,Russia
722,Nancee,Arrigucci,narriguccik1@bandcamp.com,Yotz,Japan
723,Jannelle,Ebdon,jebdonk2@csmonitor.com,Wordpedia,Indonesia
724,Marijo,Pickle,mpicklek3@homestead.com,Edgeify,Nigeria
725,Catrina,Crebbin,ccrebbink4@sakura.ne.jp,Viva,Spain
726,Joela,Colerick,jcolerickk5@macromedia.com,Rhynoodle,China
727,Carolyn,Vanichkov,cvanichkovk6@bizjournals.com,Thoughtbeat,Japan
728,Huntlee,Fallon,hfallonk7@myspace.com,Yakijo,Philippines
729,Sterne,Gellan,sgellank8@elegantthemes.com,Vinte,Philippines
730,Thorndike,Yegorshin,tyegorshink9@tripadvisor.com,Eare,Czech Republic
731,Lemuel,Kirmond,lkirmondka@tripod.com,Tavu,Indonesia
732,Ally,Bent,abentkb@hibu.com,Voomm,Indonesia
733,Xavier,Ellcock,xellcockkc@ustream.tv,Latz,Chile
734,Anitra,Swindon,aswindonkd@pcworld.com,Quimm,Nigeria
735,Marj,Cowdery,mcowderyke@nba.com,Skinder,Colombia
736,Rockie,Elgie,relgiekf@amazon.com,Plambee,Nepal
737,Carmella,Ummfrey,cummfreykg@pagesperso-orange.fr,Jabberstorm,Bosnia and Herzegovina
738,Eugenio,Parkhouse,eparkhousekh@parallels.com,Shufflebeat,China
739,Brittan,Scurry,bscurryki@bing.com,Aivee,Russia
740,Beryle,Shearsby,bshearsbykj@stanford.edu,Brightbean,Indonesia
741,Sybil,Dorie,sdoriekk@reference.com,Jabberbean,Argentina
742,Ario,Mussetti,amussettikl@sun.com,Innojam,China
743,Waylan,D'Enrico,wdenricokm@jigsy.com,Demimbu,China
744,Humphrey,Rivilis,hriviliskn@deliciousdays.com,Plambee,China
745,Rourke,Meeny,rmeenyko@scribd.com,Tavu,United States
746,Karen,Ferencowicz,kferencowiczkp@geocities.com,Oba,Indonesia
747,Caye,Edmonson,cedmonsonkq@prnewswire.com,Eimbee,Brazil
748,Giraldo,Darnody,gdarnodykr@whitehouse.gov,Eazzy,China
749,Baxie,Rummings,brummingsks@facebook.com,Youopia,Philippines
750,Jessa,McNaughton,jmcnaughtonkt@icio.us,Oozz,China
751,Loni,Mateu,lmateuku@bbc.co.uk,Dynava,China
752,Minor,Witheford,mwithefordkv@independent.co.uk,Livefish,Cook Islands
753,Harlene,Plewes,hpleweskw@ovh.net,Browseblab,Indonesia
754,Olag,di Rocca,odiroccakx@histats.com,Realmix,Portugal
755,Gradeigh,Goodsell,ggoodsellky@mit.edu,Camimbo,Mexico
756,Broddie,Dimitrov,bdimitrovkz@shop-pro.jp,Bubbletube,Indonesia
757,Hollie,Rickman,hrickmanl0@answers.com,Chatterbridge,Mongolia
758,Marney,Showler,mshowlerl1@mashable.com,Yozio,Thailand
759,Tomasina,Marner,tmarnerl2@prlog.org,Fatz,Brazil
760,Fax,Soltan,fsoltanl3@noaa.gov,Flashdog,China
761,Farlee,Koenen,fkoenenl4@4shared.com,Vipe,Mexico
762,Cyb,Boggon,cboggonl5@over-blog.com,Photospace,Portugal
763,Clevey,Birkenhead,cbirkenheadl6@cnet.com,Skimia,Czech Republic
764,Letizia,Owbrick,lowbrickl7@yellowpages.com,Kwimbee,Indonesia
765,Othella,Cripwell,ocripwelll8@fema.gov,Pixope,Indonesia
766,Lorenza,Crate,lcratel9@dmoz.org,Kazio,Poland
767,Celestyna,Kornes,ckornesla@hibu.com,Dazzlesphere,Ukraine
768,Bern,Munby,bmunbylb@wix.com,Devcast,Indonesia
769,Sidney,Pryn,sprynlc@icio.us,Cogibox,China
770,Claire,Colquhoun,ccolquhounld@wisc.edu,Edgepulse,China
771,Alix,McShirie,amcshiriele@wiley.com,Feedspan,Russia
772,Sergei,Farre,sfarrelf@vk.com,Kaymbo,Poland
773,Ninetta,Biggerstaff,nbiggerstafflg@sitemeter.com,Fivespan,South Korea
774,Trula,Farey,tfareylh@is.gd,Blogspan,Russia
775,Marc,Alfonsetto,malfonsettoli@homestead.com,Npath,Ecuador
776,Hurleigh,Danielkiewicz,hdanielkiewiczlj@addtoany.com,Skajo,Ukraine
777,Jackelyn,Pedlingham,jpedlinghamlk@wiley.com,Pixope,Albania
778,Joell,Ledger,jledgerll@guardian.co.uk,Meejo,Russia
779,Iorgo,Skyppe,iskyppelm@google.com,Chatterpoint,Argentina
780,Tiphani,Gatteridge,tgatteridgeln@php.net,Wikivu,Portugal
781,Emilio,Tedridge,etedridgelo@aol.com,Yambee,Russia
782,Roderic,Saul,rsaullp@cloudflare.com,Shufflebeat,Indonesia
783,Rikki,McCooke,rmccookelq@gnu.org,Eabox,Portugal
784,Cosetta,Littlemore,clittlemorelr@google.co.jp,Eimbee,China
785,Darline,Janusik,djanusikls@google.fr,Twinder,Ukraine
786,Fiann,Keat,fkeatlt@shareasale.com,Dablist,Peru
787,Corbie,Orro,corrolu@wikispaces.com,Feedbug,Cuba
788,Susann,Handlin,shandlinlv@merriam-webster.com,Roombo,Russia
789,Park,Morteo,pmorteolw@stumbleupon.com,Fivebridge,South Africa
790,Arabela,Sorsbie,asorsbielx@posterous.com,Devbug,Malaysia
791,Elwin,Newnham,enewnhamly@blogtalkradio.com,Aibox,Philippines
792,Alyse,Langridge,alangridgelz@g.co,Tavu,United States
793,Benedick,Eddleston,beddlestonm0@mashable.com,Skinix,Portugal
794,Bobbette,Hamblett,bhamblettm1@scribd.com,Yambee,Poland
795,Tammara,Brigshaw,tbrigshawm2@geocities.jp,Zoomcast,Philippines
796,Mildrid,Doale,mdoalem3@msn.com,Skimia,France
797,Janeta,Bowring,jbowringm4@umich.edu,Photobug,Indonesia
798,Bron,Brassington,bbrassingtonm5@weibo.com,Flashdog,China
799,Ulick,Pendleberry,upendleberrym6@opensource.org,Yacero,Haiti
800,Elisabet,Saller,esallerm7@spiegel.de,Dynava,France
801,Hatti,Pexton,hpextonm8@quantcast.com,Zoomlounge,Indonesia
802,Martha,Bugge,mbuggem9@pbs.org,Mybuzz,Poland
803,Clea,Lamputt,clamputtma@geocities.jp,Twitterbeat,South Africa
804,Bert,Leindecker,bleindeckermb@apache.org,Zooxo,China
805,Averil,Tuley,atuleymc@tripod.com,Mydo,Finland
806,Brenn,Rattery,bratterymd@flavors.me,Wordpedia,Portugal
807,Rorke,Hanselman,rhanselmanme@guardian.co.uk,Blogtag,Mongolia
808,Kile,Ocklin,kocklinmf@ox.ac.uk,Yacero,China
809,Isidor,Flowerden,iflowerdenmg@shareasale.com,Zoonoodle,Indonesia
810,Billie,Villaret,bvillaretmh@over-blog.com,Digitube,Vietnam
811,Armand,Scade,ascademi@ezinearticles.com,Yodoo,Ukraine
812,Delaney,Trott,dtrottmj@sbwire.com,Yodo,Indonesia
813,Olive,Rysdale,orysdalemk@wikia.com,Bubblebox,Indonesia
814,Georgia,Pharo,gpharoml@forbes.com,Twinder,Greece
815,Starla,Trazzi,strazzimm@delicious.com,Miboo,Mongolia
816,Monah,Edelman,medelmanmn@cbsnews.com,Tambee,Ireland
817,Geoffrey,Guilayn,gguilaynmo@weather.com,Mynte,Argentina
818,Linell,Bitterton,lbittertonmp@cpanel.net,Blogpad,China
819,Tedie,Bridge,tbridgemq@w3.org,Voolia,Greece
820,Wrennie,Lindenblatt,wlindenblattmr@nsw.gov.au,Mymm,Pakistan
821,Astrix,Skeel,askeelms@wix.com,Aimbo,Sweden
822,Julio,Yuryichev,jyuryichevmt@example.com,Buzzshare,Argentina
823,Peria,Saxby,psaxbymu@si.edu,Mita,Argentina
824,Sanson,Pozzo,spozzomv@un.org,Jaloo,Portugal
825,Kalli,Stritton,kstrittonmw@businessinsider.com,Thoughtbridge,Vietnam
826,Adena,Scholtis,ascholtismx@princeton.edu,Rhynyx,China
827,Garald,Arman,garmanmy@huffingtonpost.com,Bubbletube,France
828,Carie,Spinley,cspinleymz@infoseek.co.jp,Flipopia,Philippines
829,Tawsha,Collingwood,tcollingwoodn0@mapquest.com,Divanoodle,Portugal
830,Alisa,Meffen,ameffenn1@vistaprint.com,Skynoodle,Argentina
831,Isa,Smaile,ismailen2@prnewswire.com,Voomm,China
832,Melodee,Dolohunty,mdolohuntyn3@e-recht24.de,Gabspot,China
833,Shaina,Rayner,sraynern4@dion.ne.jp,Youopia,Mexico
834,Abigael,Dankersley,adankersleyn5@archive.org,Roomm,Netherlands
835,Sascha,Lavarack,slavarackn6@unesco.org,Dablist,Nicaragua
836,Veronica,Figura,vfiguran7@naver.com,Mydeo,Indonesia
837,Ewell,Fransemai,efransemain8@tamu.edu,Reallinks,Canada
838,Charley,Illston,cillstonn9@comsenz.com,Voolia,China
839,Rice,Yegoshin,ryegoshinna@wix.com,Oyope,China
840,Brandais,Merner,bmernernb@dedecms.com,Avavee,Bosnia and Herzegovina
841,Yvor,Delicate,ydelicatenc@squarespace.com,Gigabox,Lithuania
842,Desirae,Pavlovsky,dpavlovskynd@fotki.com,Rhynoodle,Brazil
843,Marmaduke,Somerfield,msomerfieldne@xinhuanet.com,Realbuzz,China
844,Saul,Brandom,sbrandomnf@storify.com,Browsebug,Indonesia
845,Carita,Getty,cgettyng@constantcontact.com,Topiczoom,Ukraine
846,Tully,Yakovliv,tyakovlivnh@goo.ne.jp,Eimbee,China
847,Armand,McPaik,amcpaikni@businessinsider.com,Dazzlesphere,Russia
848,Bernetta,Dantesia,bdantesianj@soundcloud.com,Divanoodle,South Korea
849,Leoline,O'Luby,lolubynk@google.co.jp,Edgeblab,Czech Republic
850,Sybila,Urquhart,surquhartnl@wikipedia.org,Meemm,Czech Republic
851,Cortney,Ragot,cragotnm@hexun.com,Mita,China
852,Kirsti,Egle of Germany,kegleofgermanynn@cyberchimps.com,Flashset,China
853,Lauree,Seakin,lseakinno@t.co,Devshare,Syria
854,Elena,McIlwain,emcilwainnp@admin.ch,Quimba,Norway
855,Gib,Monksfield,gmonksfieldnq@hibu.com,Eidel,Macedonia
856,Raynard,Celez,rceleznr@networkadvertising.org,Feedfish,Ethiopia
857,Marleen,Ansett,mansettns@123-reg.co.uk,Divanoodle,Bolivia
858,Lise,McKew,lmckewnt@abc.net.au,Skiba,Saudi Arabia
859,Conan,Fernihough,cfernihoughnu@amazon.de,Mycat,Greece
860,Alanson,Castanone,acastanonenv@webnode.com,Leenti,Philippines
861,Jillana,Caban,jcabannw@slate.com,Riffpath,China
862,Austen,Cavie,acavienx@furl.net,Oba,Ukraine
863,Matthias,Rattery,mratteryny@time.com,Dynazzy,Venezuela
864,Vania,Weatherhill,vweatherhillnz@soundcloud.com,Vinte,Russia
865,Jean,Facher,jfachero0@businesswire.com,Topicshots,Mexico
866,Ruddie,Betts,rbettso1@etsy.com,Talane,Peru
867,Tova,Meany,tmeanyo2@xing.com,Skyvu,Greece
868,Grady,Arnfield,garnfieldo3@discuz.net,Flashspan,Indonesia
869,Sheba,McTavy,smctavyo4@xrea.com,Skiba,Portugal
870,Lutero,Biasi,lbiasio5@github.com,Feedbug,Kazakhstan
871,Ebenezer,Bonnick,ebonnicko6@studiopress.com,Skivee,Japan
872,Hubert,Igonet,higoneto7@narod.ru,Jayo,Indonesia
873,Benny,Finneran,bfinnerano8@google.com.au,Kazu,Canada
874,Christiano,Flag,cflago9@rakuten.co.jp,Ntag,China
875,Alain,Panas,apanasoa@cbsnews.com,Kwimbee,Tunisia
876,Andre,Montilla,amontillaob@unesco.org,Eazzy,Uzbekistan
877,Marcile,Foggo,mfoggooc@psu.edu,Zava,United States
878,Rosy,Sproat,rsproatod@archive.org,Linktype,Brazil
879,Zondra,Finicj,zfinicjoe@epa.gov,Bubblemix,China
880,Romona,Nelthorp,rnelthorpof@delicious.com,Babbleblab,Czech Republic
881,Towney,Benedek,tbenedekog@webs.com,Thoughtstorm,Azerbaijan
882,Gonzales,Brabender,gbrabenderoh@huffingtonpost.com,Abata,Russia
883,Inge,Owbridge,iowbridgeoi@furl.net,Wordware,China
884,Ros,McIver,rmciveroj@about.me,Digitube,China
885,Elnore,Ritelli,eritelliok@microsoft.com,Pixonyx,Croatia
886,Anabel,Renn,arennol@goo.gl,Agivu,Bulgaria
887,Bernardine,Cauderlie,bcauderlieom@thetimes.co.uk,Skyba,China
888,Davidson,Raccio,draccioon@photobucket.com,Meedoo,Philippines
889,Neely,Holdin,nholdinoo@vk.com,Quinu,Sri Lanka
890,Sher,Gebhard,sgebhardop@ask.com,Yombu,Lebanon
891,Kelsi,Giles,kgilesoq@nsw.gov.au,Oodoo,Poland
892,Haydon,Badsey,hbadseyor@shinystat.com,Browsedrive,France
893,Si,Tommei,stommeios@chron.com,Jabbersphere,Poland
894,Liv,Udall,ludallot@noaa.gov,Myworks,Bolivia
895,Joyann,Lyston,jlystonou@un.org,Skidoo,Papua New Guinea
896,Hercules,Dimond,hdimondov@jimdo.com,Kare,Russia
897,Michale,Benoist,mbenoistow@chicagotribune.com,Shuffledrive,Portugal
898,Augustin,Sanja,asanjaox@alibaba.com,Centimia,Thailand
899,Bettye,Arbon,barbonoy@privacy.gov.au,Jaxworks,Nigeria
900,Lisha,D'Hooge,ldhoogeoz@theatlantic.com,Zoombox,Honduras
901,Felipe,Walder,fwalderp0@plala.or.jp,Eimbee,Sweden
902,Israel,Burgane,iburganep1@go.com,Tekfly,Belarus
903,Haley,Brangan,hbranganp2@ft.com,Fiveclub,Afghanistan
904,Duff,Cromblehome,dcromblehomep3@vk.com,Skidoo,Indonesia
905,John,Agass,jagassp4@paypal.com,Einti,Sudan
906,Demetre,Kropach,dkropachp5@wordpress.org,Ozu,Brazil
907,Irvine,Braunlein,ibraunleinp6@multiply.com,Jayo,Russia
908,Tonia,Eltun,teltunp7@wordpress.com,Jaxworks,Brazil
909,Lucia,Wink,lwinkp8@furl.net,Voonder,China
910,Ayn,Hundall,ahundallp9@ft.com,Mita,China
911,Octavius,Whelband,owhelbandpa@mozilla.com,Avamba,Philippines
912,Merna,Pittson,mpittsonpb@cocolog-nifty.com,Viva,Vietnam
913,Joscelin,Quipp,jquipppc@ycombinator.com,Avamba,China
914,Umeko,Bendson,ubendsonpd@cloudflare.com,Meembee,South Korea
915,Caryl,Kelby,ckelbype@ow.ly,Edgepulse,Indonesia
916,Lidia,Dineen,ldineenpf@intel.com,Katz,Brazil
917,Ewan,Pinnion,epinnionpg@blogs.com,Janyx,China
918,Sydelle,Mayzes,smayzesph@alexa.com,Trunyx,China
919,Valaria,Simm,vsimmpi@nbcnews.com,Wikivu,Portugal
920,Terrance,Sisey,tsiseypj@hexun.com,Vinder,Indonesia
921,Kirsti,Kneel,kkneelpk@woothemes.com,Flipopia,Malaysia
922,Anastasia,Gemnett,agemnettpl@ed.gov,Skajo,Saudi Arabia
923,Marja,Casero,mcaseropm@wordpress.org,Ainyx,Czech Republic
924,Lorenzo,Sancraft,lsancraftpn@umich.edu,Mydo,Poland
925,Kele,Hertwell,khertwellpo@histats.com,Zoomlounge,East Timor
926,Ly,Salvadore,lsalvadorepp@g.co,Meezzy,Czech Republic
927,Emelda,Toft,etoftpq@globo.com,Ntags,United States
928,Rosalinda,Stones,rstonespr@wordpress.com,Zazio,Japan
929,Flynn,Biggs,fbiggsps@wikispaces.com,Rooxo,Vietnam
930,Cornela,Bogays,cbogayspt@php.net,Katz,Philippines
931,Danya,Shane,dshanepu@about.com,Jatri,Russia
932,Kerr,Ghelardoni,kghelardonipv@people.com.cn,Brightbean,Serbia
933,Torrin,Cholomin,tcholominpw@hubpages.com,Quaxo,China
934,Laina,Crane,lcranepx@slate.com,Pixope,Peru
935,Dru,Dusting,ddustingpy@mayoclinic.com,Blogspan,China
936,Nevsa,Celez,ncelezpz@dyndns.org,Jaxspan,Indonesia
937,Kerwinn,Brucker,kbruckerq0@icio.us,InnoZ,Argentina
938,Pancho,Murrigan,pmurriganq1@ihg.com,Wordtune,China
939,Reine,Jablonski,rjablonskiq2@sourceforge.net,Buzzdog,Indonesia
940,Jen,Tapin,jtapinq3@gov.uk,Dynazzy,Indonesia
941,Kahlil,Bygate,kbygateq4@php.net,Photospace,Nigeria
942,Lorenza,Pobjoy,lpobjoyq5@kickstarter.com,Meemm,Serbia
943,Alexandre,Meek,ameekq6@deliciousdays.com,Topiclounge,Sweden
944,Karen,Colbron,kcolbronq7@scientificamerican.com,Tanoodle,China
945,Carmel,Bleby,cblebyq8@cpanel.net,Skilith,United States
946,Bonnibelle,Denman,bdenmanq9@mit.edu,Divape,Sudan
947,Dorelia,Pembridge,dpembridgeqa@cpanel.net,Oyoyo,Thailand
948,Alan,Curgenuer,acurgenuerqb@ca.gov,Blognation,Indonesia
949,Hedy,Filewood,hfilewoodqc@ft.com,Kamba,Bosnia and Herzegovina
950,Sigismund,Englefield,senglefieldqd@odnoklassniki.ru,Dazzlesphere,Guatemala
951,Enrique,Marks,emarksqe@w3.org,Babblestorm,Azerbaijan
952,Melania,Cordelette,mcordeletteqf@yahoo.com,Feednation,China
953,Bunnie,Ashfield,bashfieldqg@cam.ac.uk,Skyble,Latvia
954,Petrina,Cuerda,pcuerdaqh@wsj.com,Digitube,Philippines
955,Saundra,O'Sheerin,sosheerinqi@weibo.com,Quire,Croatia
956,Chantalle,Leband,clebandqj@uol.com.br,Fliptune,Peru
957,Xylia,Howden,xhowdenqk@liveinternet.ru,Blogpad,Macedonia
958,Bentley,Pepye,bpepyeql@zdnet.com,Agimba,China
959,Daron,Ellin,dellinqm@gravatar.com,Skyba,Mongolia
960,Audrey,Mudd,amuddqn@sakura.ne.jp,Rhyzio,Indonesia
961,Olympia,Vynehall,ovynehallqo@squarespace.com,Wikizz,Nigeria
962,Candice,Aireton,cairetonqp@ted.com,Skajo,Uzbekistan
963,Megan,Merriton,mmerritonqq@gizmodo.com,Yacero,Palestinian Territory
964,Arlan,Kernell,akernellqr@webeden.co.uk,Lajo,Poland
965,Ryan,Ruslen,rruslenqs@vkontakte.ru,Flashset,Morocco
966,Adelaida,Yonge,ayongeqt@miibeian.gov.cn,Oloo,Indonesia
967,Ignace,Benit,ibenitqu@geocities.jp,Rooxo,Portugal
968,Melisande,Beville,mbevilleqv@nba.com,Oyoyo,Ukraine
969,Barnie,Beckerleg,bbeckerlegqw@icio.us,Npath,Nigeria
970,Fredra,Duchenne,fduchenneqx@msu.edu,Camido,China
971,Wilden,Delleschi,wdelleschiqy@reuters.com,Thoughtworks,Portugal
972,Layne,Perks,lperksqz@noaa.gov,Jetpulse,China
973,Esteban,Kelledy,ekelledyr0@tripadvisor.com,Jazzy,Greece
974,Hildagarde,Proudlock,hproudlockr1@google.cn,Meemm,China
975,Gwennie,Chazerand,gchazerandr2@yolasite.com,Tagpad,Peru
976,Francis,Gladdin,fgladdinr3@alibaba.com,Demivee,Brazil
977,Jesselyn,Winchcomb,jwinchcombr4@latimes.com,Linkbuzz,Poland
978,Christiane,Offill,coffillr5@furl.net,Blogpad,Poland
979,Dianna,Blencowe,dblencower6@senate.gov,Skipfire,Sweden
980,Gillian,Vain,gvainr7@comsenz.com,Mycat,China
981,Elliott,Pettiward,epettiwardr8@creativecommons.org,Twinte,Vietnam
982,Kleon,Enrich,kenrichr9@engadget.com,Wordtune,United States
983,Christoffer,Baxter,cbaxterra@bbb.org,Realcube,China
984,Marietta,Judkin,mjudkinrb@bluehost.com,Jayo,Japan
985,Bentley,Crick,bcrickrc@ft.com,Yoveo,Ukraine
986,Benedicto,Rennick,brennickrd@dmoz.org,Meedoo,Iraq
987,Torrie,Olivier,tolivierre@deviantart.com,Plajo,Philippines
988,Dorey,Boyett,dboyettrf@yale.edu,Myworks,Russia
989,Westleigh,Schwieso,wschwiesorg@chicagotribune.com,JumpXS,Belarus
990,Donny,Bertomier,dbertomierrh@last.fm,Bubblemix,Portugal
991,Delores,Mangan,dmanganri@soup.io,Skidoo,China
992,Alleyn,Kemwall,akemwallrj@samsung.com,Oyoyo,Yemen
993,Jordana,Blackadder,jblackadderrk@chronoengine.com,Yozio,Philippines
994,Ondrea,Goatcher,ogoatcherrl@disqus.com,Realbuzz,Brazil
995,Jodee,Aulds,jauldsrm@nps.gov,Lazz,Madagascar
996,Emelina,Stetlye,estetlyern@seesaa.net,Cogibox,Belarus
997,De,Perfili,dperfiliro@jimdo.com,Chatterpoint,Guatemala
998,Clareta,Drewes,cdrewesrp@cmu.edu,Edgepulse,Dominican Republic
999,Giffie,Blenkensop,gblenkensoprq@squidoo.com,Rhyloo,France
1000,Abrahan,Sabberton,asabbertonrr@elegantthemes.com,Jaxworks,Russia
